<annotation>
	<folder>n01843383</folder>
	<filename>n01843383_3745</filename>
	<source>
		<database>ImageNet database</database>
	</source>
	<size>
		<width>500</width>
		<height>378</height>
		<depth>3</depth>
	</size>
	<segmented>0</segmented>
	<object>
		<name>n01843383</name>
		<pose>Unspecified</pose>
		<truncated>0</truncated>
		<difficult>0</difficult>
		<bndbox>
			<xmin>9</xmin>
			<ymin>95</ymin>
			<xmax>276</xmax>
			<ymax>271</ymax>
		</bndbox>
	</object>
	<object>
		<name>n01843383</name>
		<pose>Unspecified</pose>
		<truncated>0</truncated>
		<difficult>0</difficult>
		<bndbox>
			<xmin>384</xmin>
			<ymin>48</ymin>
			<xmax>442</xmax>
			<ymax>114</ymax>
		</bndbox>
	</object>
</annotation>