<annotation>
	<folder>n01843383</folder>
	<filename>n01843383_8436</filename>
	<source>
		<database>ImageNet database</database>
	</source>
	<size>
		<width>500</width>
		<height>375</height>
		<depth>3</depth>
	</size>
	<segmented>0</segmented>
	<object>
		<name>n01843383</name>
		<pose>Unspecified</pose>
		<truncated>0</truncated>
		<difficult>0</difficult>
		<bndbox>
			<xmin>183</xmin>
			<ymin>229</ymin>
			<xmax>418</xmax>
			<ymax>373</ymax>
		</bndbox>
	</object>
	<object>
		<name>n01843383</name>
		<pose>Unspecified</pose>
		<truncated>0</truncated>
		<difficult>0</difficult>
		<bndbox>
			<xmin>224</xmin>
			<ymin>132</ymin>
			<xmax>454</xmax>
			<ymax>311</ymax>
		</bndbox>
	</object>
</annotation>