<annotation>
	<folder>n01843383</folder>
	<filename>n01843383_6510</filename>
	<source>
		<database>ImageNet database</database>
	</source>
	<size>
		<width>500</width>
		<height>333</height>
		<depth>3</depth>
	</size>
	<segmented>0</segmented>
	<object>
		<name>n01843383</name>
		<pose>Unspecified</pose>
		<truncated>0</truncated>
		<difficult>0</difficult>
		<bndbox>
			<xmin>235</xmin>
			<ymin>73</ymin>
			<xmax>448</xmax>
			<ymax>296</ymax>
		</bndbox>
	</object>
	<object>
		<name>n01843383</name>
		<pose>Unspecified</pose>
		<truncated>0</truncated>
		<difficult>0</difficult>
		<bndbox>
			<xmin>4</xmin>
			<ymin>96</ymin>
			<xmax>256</xmax>
			<ymax>332</ymax>
		</bndbox>
	</object>
</annotation>