<annotation>
	<folder>n01843383</folder>
	<filename>n01843383_10272</filename>
	<source>
		<database>ImageNet database</database>
	</source>
	<size>
		<width>500</width>
		<height>375</height>
		<depth>3</depth>
	</size>
	<segmented>0</segmented>
	<object>
		<name>n01843383</name>
		<pose>Unspecified</pose>
		<truncated>0</truncated>
		<difficult>0</difficult>
		<bndbox>
			<xmin>168</xmin>
			<ymin>202</ymin>
			<xmax>338</xmax>
			<ymax>309</ymax>
		</bndbox>
	</object>
	<object>
		<name>n01843383</name>
		<pose>Unspecified</pose>
		<truncated>0</truncated>
		<difficult>0</difficult>
		<bndbox>
			<xmin>81</xmin>
			<ymin>66</ymin>
			<xmax>300</xmax>
			<ymax>214</ymax>
		</bndbox>
	</object>
</annotation>