<annotation>
	<folder>n01843383</folder>
	<filename>n01843383_5457</filename>
	<source>
		<database>ImageNet database</database>
	</source>
	<size>
		<width>500</width>
		<height>334</height>
		<depth>3</depth>
	</size>
	<segmented>0</segmented>
	<object>
		<name>n01843383</name>
		<pose>Unspecified</pose>
		<truncated>0</truncated>
		<difficult>0</difficult>
		<bndbox>
			<xmin>193</xmin>
			<ymin>38</ymin>
			<xmax>375</xmax>
			<ymax>241</ymax>
		</bndbox>
	</object>
	<object>
		<name>n01843383</name>
		<pose>Unspecified</pose>
		<truncated>0</truncated>
		<difficult>0</difficult>
		<bndbox>
			<xmin>297</xmin>
			<ymin>35</ymin>
			<xmax>462</xmax>
			<ymax>239</ymax>
		</bndbox>
	</object>
</annotation>