<annotation>
	<folder>n01843383</folder>
	<filename>n01843383_1809</filename>
	<source>
		<database>ImageNet database</database>
	</source>
	<size>
		<width>397</width>
		<height>500</height>
		<depth>3</depth>
	</size>
	<segmented>0</segmented>
	<object>
		<name>n01843383</name>
		<pose>Unspecified</pose>
		<truncated>0</truncated>
		<difficult>0</difficult>
		<bndbox>
			<xmin>100</xmin>
			<ymin>32</ymin>
			<xmax>294</xmax>
			<ymax>190</ymax>
		</bndbox>
	</object>
	<object>
		<name>n01843383</name>
		<pose>Unspecified</pose>
		<truncated>0</truncated>
		<difficult>0</difficult>
		<bndbox>
			<xmin>77</xmin>
			<ymin>237</ymin>
			<xmax>269</xmax>
			<ymax>373</ymax>
		</bndbox>
	</object>
</annotation>