<annotation>
	<folder>n01843383</folder>
	<filename>n01843383_7518</filename>
	<source>
		<database>ImageNet database</database>
	</source>
	<size>
		<width>336</width>
		<height>448</height>
		<depth>3</depth>
	</size>
	<segmented>0</segmented>
	<object>
		<name>n01843383</name>
		<pose>Unspecified</pose>
		<truncated>0</truncated>
		<difficult>0</difficult>
		<bndbox>
			<xmin>169</xmin>
			<ymin>56</ymin>
			<xmax>334</xmax>
			<ymax>184</ymax>
		</bndbox>
	</object>
	<object>
		<name>n01843383</name>
		<pose>Unspecified</pose>
		<truncated>0</truncated>
		<difficult>0</difficult>
		<bndbox>
			<xmin>0</xmin>
			<ymin>103</ymin>
			<xmax>311</xmax>
			<ymax>386</ymax>
		</bndbox>
	</object>
</annotation>