<annotation>
	<folder>n01843383</folder>
	<filename>n01843383_10977</filename>
	<source>
		<database>ImageNet database</database>
	</source>
	<size>
		<width>384</width>
		<height>500</height>
		<depth>3</depth>
	</size>
	<segmented>0</segmented>
	<object>
		<name>n01843383</name>
		<pose>Unspecified</pose>
		<truncated>0</truncated>
		<difficult>0</difficult>
		<bndbox>
			<xmin>191</xmin>
			<ymin>330</ymin>
			<xmax>298</xmax>
			<ymax>410</ymax>
		</bndbox>
	</object>
	<object>
		<name>n01843383</name>
		<pose>Unspecified</pose>
		<truncated>0</truncated>
		<difficult>0</difficult>
		<bndbox>
			<xmin>151</xmin>
			<ymin>86</ymin>
			<xmax>260</xmax>
			<ymax>161</ymax>
		</bndbox>
	</object>
</annotation>